"Label (Grouping)","Texas!!Estimate","Texas!!Margin of Error","Angelina County, Texas!!Estimate","Angelina County, Texas!!Margin of Error","Bastrop County, Texas!!Estimate","Bastrop County, Texas!!Margin of Error","Bell County, Texas!!Estimate","Bell County, Texas!!Margin of Error","Bexar County, Texas!!Estimate","Bexar County, Texas!!Margin of Error","Bowie County, Texas!!Estimate","Bowie County, Texas!!Margin of Error","Brazoria County, Texas!!Estimate","Brazoria County, Texas!!Margin of Error","Brazos County, Texas!!Estimate","Brazos County, Texas!!Margin of Error","Cameron County, Texas!!Estimate","Cameron County, Texas!!Margin of Error","Collin County, Texas!!Estimate","Collin County, Texas!!Margin of Error","Comal County, Texas!!Estimate","Comal County, Texas!!Margin of Error","Coryell County, Texas!!Estimate","Coryell County, Texas!!Margin of Error","Dallas County, Texas!!Estimate","Dallas County, Texas!!Margin of Error","Denton County, Texas!!Estimate","Denton County, Texas!!Margin of Error","Ector County, Texas!!Estimate","Ector County, Texas!!Margin of Error","Ellis County, Texas!!Estimate","Ellis County, Texas!!Margin of Error","El Paso County, Texas!!Estimate","El Paso County, Texas!!Margin of Error","Fort Bend County, Texas!!Estimate","Fort Bend County, Texas!!Margin of Error","Galveston County, Texas!!Estimate","Galveston County, Texas!!Margin of Error","Grayson County, Texas!!Estimate","Grayson County, Texas!!Margin of Error","Gregg County, Texas!!Estimate","Gregg County, Texas!!Margin of Error","Guadalupe County, Texas!!Estimate","Guadalupe County, Texas!!Margin of Error","Harris County, Texas!!Estimate","Harris County, Texas!!Margin of Error","Harrison County, Texas!!Estimate","Harrison County, Texas!!Margin of Error","Hays County, Texas!!Estimate","Hays County, Texas!!Margin of Error","Henderson County, Texas!!Estimate","Henderson County, Texas!!Margin of Error","Hidalgo County, Texas!!Estimate","Hidalgo County, Texas!!Margin of Error","Hood County, Texas!!Estimate","Hood County, Texas!!Margin of Error","Hunt County, Texas!!Estimate","Hunt County, Texas!!Margin of Error","Jefferson County, Texas!!Estimate","Jefferson County, Texas!!Margin of Error","Johnson County, Texas!!Estimate","Johnson County, Texas!!Margin of Error","Kaufman County, Texas!!Estimate","Kaufman County, Texas!!Margin of Error","Liberty County, Texas!!Estimate","Liberty County, Texas!!Margin of Error","Lubbock County, Texas!!Estimate","Lubbock County, Texas!!Margin of Error","McLennan County, Texas!!Estimate","McLennan County, Texas!!Margin of Error","Midland County, Texas!!Estimate","Midland County, Texas!!Margin of Error","Montgomery County, Texas!!Estimate","Montgomery County, Texas!!Margin of Error","Nacogdoches County, Texas!!Estimate","Nacogdoches County, Texas!!Margin of Error","Nueces County, Texas!!Estimate","Nueces County, Texas!!Margin of Error","Orange County, Texas!!Estimate","Orange County, Texas!!Margin of Error","Parker County, Texas!!Estimate","Parker County, Texas!!Margin of Error","Potter County, Texas!!Estimate","Potter County, Texas!!Margin of Error","Randall County, Texas!!Estimate","Randall County, Texas!!Margin of Error","Rockwall County, Texas!!Estimate","Rockwall County, Texas!!Margin of Error","San Patricio County, Texas!!Estimate","San Patricio County, Texas!!Margin of Error","Smith County, Texas!!Estimate","Smith County, Texas!!Margin of Error","Starr County, Texas!!Estimate","Starr County, Texas!!Margin of Error","Tarrant County, Texas!!Estimate","Tarrant County, Texas!!Margin of Error","Taylor County, Texas!!Estimate","Taylor County, Texas!!Margin of Error","Tom Green County, Texas!!Estimate","Tom Green County, Texas!!Margin of Error","Travis County, Texas!!Estimate","Travis County, Texas!!Margin of Error","Victoria County, Texas!!Estimate","Victoria County, Texas!!Margin of Error","Walker County, Texas!!Estimate","Walker County, Texas!!Margin of Error","Webb County, Texas!!Estimate","Webb County, Texas!!Margin of Error","Wichita County, Texas!!Estimate","Wichita County, Texas!!Margin of Error","Williamson County, Texas!!Estimate","Williamson County, Texas!!Margin of Error","Wise County, Texas!!Estimate","Wise County, Texas!!Margin of Error"
"Total:","29,889,559","±6,743","85,003","±111","106,929","±965","383,653","±1,797","2,050,426","±2,730","86,169","±266","383,693","±1,459","227,929","±680","422,700","±637","1,186,277","±859","192,079","±321","68,221","±1,543","2,574,214","±3,787","995,067","±1,064","162,619","±265","220,190","±639","854,897","±1,099","911,012","±626","355,805","±948","143,912","±432","122,746","±513","186,307","±401","4,781,041","±4,515","68,798","±97","271,310","±2,952","84,657","±360","889,735","±1,115","67,002","±132","109,753","±228","237,401","±827","199,359","±881","183,944","±344","102,749","±436","308,436","±735","260,478","±273","176,015","±39","707,790","±788","60,747","±314","346,269","±335","84,844","±388","171,740","±288","108,264","±1,423","145,728","±254","130,594","±76","69,996","±99","238,921","±820","65,517","±24","2,152,834","±1,949","141,074","±357","115,436","±317","1,311,462","±1,645","90,294","±436","62,421","±580","266,266","±680","119,623","±699","692,294","±588","76,433","±201"
"    Income in the past 12 months below poverty level:","4,086,851","±75,298","15,041","±3,175","12,056","±3,532","42,988","±6,720","301,718","±21,103","10,792","±2,554","32,560","±7,427","56,042","±5,606","99,450","±8,607","77,903","±9,350","13,535","±3,749","6,394","±2,298","352,823","±22,956","59,506","±6,732","14,682","±3,816","13,481","±3,360","158,190","±13,799","80,702","±12,685","39,687","±6,122","14,721","±3,575","20,021","±3,412","14,360","±3,627","766,972","±29,866","12,453","±2,600","28,411","±5,344","15,086","±3,123","241,645","±14,262","4,220","±1,351","14,032","±3,448","48,219","±6,205","20,393","±5,133","18,831","±6,249","12,354","±4,445","54,383","±6,795","44,536","±6,702","20,652","±6,428","75,724","±11,729","11,705","±2,647","59,137","±7,852","11,879","±3,134","15,254","±3,555","17,678","±4,180","12,085","±3,499","5,599","±2,329","12,817","±3,596","31,621","±5,662","18,974","±4,203","235,252","±17,232","17,618","±3,940","17,369","±3,410","133,988","±12,217","11,838","±3,551","14,029","±3,403","60,340","±7,950","21,775","±3,449","48,238","±7,294","7,024","±2,912"
"        Male:","1,819,660","±42,245","7,724","±1,720","6,583","±2,124","16,645","±3,752","139,353","±12,089","4,740","±1,566","13,883","±4,065","26,413","±3,405","44,419","±4,420","35,550","±4,507","5,369","±1,596","2,067","±860","160,406","±12,000","25,389","±4,046","6,995","±2,011","5,338","±1,703","67,528","±7,680","36,018","±6,561","18,016","±3,153","6,173","±1,964","9,391","±1,971","7,246","±2,692","339,792","±15,503","5,309","±1,505","12,171","±3,113","7,251","±1,951","108,190","±7,934","1,638","±702","6,757","±1,831","22,174","±3,627","10,462","±2,654","8,209","±3,053","5,464","±2,476","22,695","±2,953","17,420","±4,086","7,929","±2,855","34,042","±5,062","4,752","±1,455","27,270","±4,288","5,738","±2,053","7,051","±2,031","9,314","±2,534","5,180","±1,776","2,346","±1,313","4,532","±1,887","13,816","±2,815","8,641","±2,278","104,325","±9,265","8,079","±2,276","8,707","±1,919","68,583","±6,526","5,414","±2,089","4,538","±1,474","24,889","±4,299","9,951","±1,628","20,822","±4,000","3,061","±1,327"
"            Under 5 years","181,536","±9,430","297","±223","585","±522","1,599","±964","14,061","±3,184","438","±542","1,346","±931","766","±597","4,785","±1,329","4,032","±1,353","78","±144","106","±125","19,861","±3,476","1,603","±857","890","±558","352","±270","6,982","±1,808","2,571","±1,161","1,523","±796","424","±330","892","±582","1,017","±705","38,096","±4,127","374","±331","760","±795","541","±351","12,635","±1,874","0","±236","1,399","±581","2,428","±793","421","±335","313","±303","488","±448","2,494","±968","1,436","±638","274","±371","2,203","±1,017","544","±494","5,036","±1,296","43","±67","65","±93","1,025","±668","244","±301","46","±100","167","±324","893","±595","945","±742","11,373","±2,682","793","±457","1,136","±581","4,562","±1,916","0","±236","17","±36","3,838","±1,452","1,174","±484","2,650","±1,880","525","±382"
"            5 years","34,665","±4,236","134","±166","0","±236","92","±157","3,143","±1,113","106","±163","620","±438","874","±716","792","±624","133","±173","174","±227","135","±159","3,958","±1,886","155","±166","196","±309","0","±236","765","±493","0","±236","599","±503","48","±75","0","±236","402","±469","8,085","±2,098","519","±590","65","±107","103","±131","1,510","±639","0","±236","51","±88","127","±204","187","±245","286","±452","112","±182","615","±483","219","±293","195","±311","1,150","±846","235","±227","422","±415","0","±236","71","±124","311","±352","0","±236","0","±236","9","±16","176","±261","238","±295","1,562","±940","0","±236","0","±236","1,088","±757","196","±317","17","±36","1,029","±775","62","±106","0","±236","43","±73"
"            6 to 11 years","242,695","±12,646","1,817","±734","579","±524","3,145","±1,812","17,304","±3,356","660","±362","1,925","±1,198","2,098","±1,157","6,984","±1,819","3,756","±1,678","421","±429","131","±152","18,975","±2,789","1,979","±746","314","±290","683","±590","8,390","±1,899","5,055","±1,592","2,967","±1,460","1,086","±665","1,577","±765","530","±638","48,083","±5,419","623","±430","759","±1,012","608","±438","22,128","±2,966","50","±71","544","±394","2,681","±935","1,707","±949","1,561","±950","395","±362","2,394","±1,119","2,357","±1,149","1,810","±1,607","6,103","±2,135","741","±387","2,275","±962","943","±1,065","713","±489","986","±584","645","±483","288","±414","512","±409","1,957","±1,069","1,479","±830","13,832","±2,351","852","±597","717","±650","6,163","±2,120","337","±419","161","±246","5,410","±1,751","1,923","±1,013","1,639","±804","228","±271"
"            12 to 14 years","118,646","±9,404","428","±459","647","±654","884","±610","9,491","±2,958","258","±244","1,199","±818","431","±408","3,323","±1,136","1,417","±610","135","±244","310","±420","12,209","±3,268","817","±522","380","±400","146","±155","4,896","±1,972","2,673","±1,364","781","±573","284","±317","968","±559","478","±644","23,825","±3,891","198","±369","396","±532","197","±151","9,727","±1,955","11","±23","384","±450","1,292","±980","877","±705","620","±539","813","±1,201","901","±649","1,015","±736","538","±612","2,298","±849","186","±166","2,383","±1,170","922","±1,035","57","±101","1,026","±675","0","±236","249","±413","539","±525","869","±594","326","±345","6,813","±1,599","384","±337","235","±275","2,240","±1,319","665","±629","385","±354","694","±394","317","±324","1,636","±933","400","±424"
"            15 years","41,540","±3,862","116","±139","0","±236","763","±617","2,120","±941","67","±135","14","±25","330","±286","1,095","±473","755","±486","0","±236","0","±236","3,973","±1,620","396","±244","101","±200","306","±227","1,442","±704","538","±674","109","±173","83","±104","376","±270","57","±98","8,794","±2,157","311","±209","293","±384","137","±181","2,860","±852","0","±236","374","±408","607","±541","211","±235","299","±274","0","±236","219","±192","296","±266","182","±305","686","±496","152","±189","485","±379","0","±236","143","±173","0","±236","466","±621","84","±127","179","±181","119","±186","0","±236","2,765","±1,041","318","±391","113","±162","1,508","±1,192","784","±866","41","±71","151","±175","66","±113","439","±435","32","±62"
"            16 and 17 years","71,643","±5,476","583","±511","920","±467","476","±386","4,701","±1,560","162","±190","377","±245","544","±340","2,604","±814","1,042","±641","423","±380","0","±236","4,837","±1,638","701","±430","640","±488","83","±148","3,136","±1,164","1,593","±1,115","807","±539","368","±420","766","±521","479","±497","14,822","±2,548","335","±316","573","±476","434","±366","5,823","±1,367","0","±236","307","±383","806","±594","733","±721","620","±426","223","±276","1,062","±642","217","±268","395","±497","1,391","±749","12","±23","815","±474","82","±167","89","±115","175","±268","391","±523","0","±236","812","±424","175","±199","297","±256","4,146","±1,493","476","±459","216","±293","1,536","±1,121","213","±237","283","±467","869","±432","235","±375","164","±141","0","±236"
"            18 to 24 years","227,577","±10,055","826","±816","669","±580","1,167","±764","17,784","±3,252","393","±402","1,869","±999","15,811","±2,158","4,675","±1,135","4,431","±1,345","745","±547","87","±121","20,596","±3,257","6,489","±2,214","194","±284","374","±252","8,570","±2,122","2,689","±1,379","1,392","±609","236","±171","858","±404","495","±361","33,153","±4,238","521","±547","4,381","±1,577","769","±578","10,946","±2,105","146","±185","379","±386","2,607","±1,255","748","±623","328","±407","326","±330","6,748","±1,375","4,075","±2,339","1,046","±1,295","2,146","±1,017","939","±691","2,311","±1,258","1,359","±1,005","172","±182","1,324","±620","486","±460","177","±227","174","±323","838","±487","443","±386","14,025","±2,887","1,190","±853","1,062","±773","14,314","±2,571","264","±289","2,095","±1,029","2,801","±981","1,816","±831","2,902","±1,177","421","±382"
"            25 to 34 years","196,289","±10,931","629","±515","303","±237","1,474","±959","14,737","±2,538","378","±405","1,079","±699","2,178","±707","5,237","±1,390","2,788","±837","648","±505","306","±284","18,952","±3,396","2,167","±734","417","±356","349","±240","8,132","±1,960","4,969","±1,913","2,341","±853","619","±521","1,055","±471","485","±439","40,388","±4,767","301","±305","2,773","±1,289","417","±271","9,055","±1,711","30","±57","830","±484","2,849","±1,383","519","±362","778","±519","869","±618","2,058","±822","1,532","±1,034","956","±603","3,535","±1,209","537","±336","2,837","±1,044","311","±357","853","±558","668","±426","352","±286","173","±246","447","±411","2,383","±1,028","1,601","±1,036","12,572","±2,350","461","±391","1,209","±794","11,799","±2,836","584","±463","125","±172","2,807","±976","935","±562","1,969","±827","74","±130"
"            35 to 44 years","195,257","±9,720","590","±493","808","±610","1,984","±1,071","17,496","±3,139","537","±454","1,125","±1,120","1,183","±727","4,357","±964","4,927","±1,659","437","±233","42","±86","13,357","±2,285","3,970","±1,391","1,951","±1,223","550","±550","5,390","±1,479","4,290","±1,556","1,833","±1,010","869","±594","925","±546","1,279","±715","37,312","±4,025","646","±693","595","±692","1,069","±688","9,336","±1,555","141","±152","812","±511","1,715","±694","1,479","±1,142","1,027","±676","571","±417","1,103","±591","1,504","±839","987","±614","4,735","±1,473","365","±384","3,079","±1,148","403","±377","1,690","±1,297","1,116","±716","330","±322","417","±327","772","±507","2,081","±782","1,284","±584","11,267","±2,274","864","±614","434","±364","7,641","±2,609","1,177","±690","327","±517","1,937","±797","794","±486","2,987","±1,543","74","±115"
"            45 to 54 years","150,179","±8,286","879","±508","527","±396","925","±532","10,083","±2,079","215","±217","603","±462","922","±410","3,073","±803","3,511","±1,110","610","±632","382","±426","12,623","±2,273","1,937","±754","428","±374","1,023","±708","5,714","±1,710","2,963","±1,420","1,722","±768","498","±428","934","±590","316","±279","30,504","±3,977","514","±303","513","±477","486","±276","7,561","±1,287","68","±110","642","±396","2,986","±1,100","1,049","±511","749","±550","793","±584","1,395","±667","758","±446","308","±330","3,262","±1,046","142","±177","2,239","±775","458","±384","1,006","±771","1,126","±999","244","±271","92","±152","39","±56","1,362","±781","278","±207","8,909","±1,864","639","±424","959","±602","6,620","±1,570","311","±271","327","±353","1,653","±673","713","±440","2,380","±988","43","±60"
"            55 to 64 years","161,456","±6,951","413","±338","767","±476","2,730","±920","14,690","±2,311","713","±460","1,533","±738","807","±508","2,831","±874","4,095","±1,580","489","±301","134","±157","13,411","±2,084","2,067","±958","476","±519","570","±484","6,471","±1,247","3,330","±1,449","1,401","±608","996","±734","316","±235","742","±472","26,047","±3,430","453","±324","489","±270","1,415","±551","7,026","±1,236","551","±398","362","±225","1,832","±670","1,491","±784","848","±704","321","±368","1,370","±504","1,911","±783","401","±290","4,083","±1,526","454","±290","2,515","±777","547","±361","710","±495","645","±481","887","±543","551","±370","323","±309","1,598","±640","464","±313","7,418","±1,400","1,047","±456","1,295","±528","5,880","±1,678","473","±324","313","±321","999","±492","1,251","±568","1,774","±921","966","±435"
"            65 to 74 years","122,045","±5,521","662","±370","655","±408","1,148","±503","7,959","±1,663","566","±382","1,691","±641","173","±176","2,749","±731","2,370","±900","788","±312","284","±329","10,952","±1,952","2,493","±780","392","±251","619","±523","4,135","±1,030","3,533","±1,503","1,666","±783","203","±229","448","±272","747","±532","19,750","±2,433","179","±136","540","±348","885","±490","5,151","±1,046","346","±262","319","±208","1,049","±467","570","±372","638","±466","185","±231","1,359","±601","1,414","±742","778","±587","1,813","±590","416","±370","1,881","±706","471","±368","774","±436","613","±386","1,006","±584","211","±189","341","±224","1,072","±492","774","±348","5,555","±1,122","833","±436","592","±535","3,513","±1,425","77","±86","292","±284","1,799","±823","466","±333","1,200","±571","123","±173"
"            75 years and over","76,132","±4,575","350","±287","123","±223","258","±194","5,784","±1,236","247","±174","502","±333","296","±245","1,914","±631","2,293","±884","421","±231","150","±147","6,702","±1,390","615","±315","616","±407","283","±253","3,505","±954","1,814","±994","875","±543","459","±286","276","±212","219","±192","10,933","±1,786","335","±238","34","±45","190","±157","4,432","±1,039","295","±285","354","±254","1,195","±603","470","±462","142","±169","368","±386","977","±434","686","±359","59","±92","637","±325","29","±39","992","±440","199","±213","708","±480","299","±237","129","±106","58","±76","218","±201","293","±231","512","±267","4,088","±1,197","222","±133","739","±503","1,719","±813","333","±243","155","±179","902","±449","199","±130","1,082","±572","132","±132"
"        Female:","2,267,191","±44,456","7,317","±1,803","5,473","±1,793","26,343","±4,223","162,365","±11,780","6,052","±1,369","18,677","±4,146","29,629","±3,601","55,031","±5,300","42,353","±5,954","8,166","±2,890","4,327","±1,797","192,417","±13,114","34,117","±4,283","7,687","±2,479","8,143","±2,283","90,662","±7,876","44,684","±7,519","21,671","±3,775","8,548","±2,212","10,630","±2,280","7,114","±1,602","427,180","±18,614","7,144","±1,514","16,240","±3,266","7,835","±1,674","133,455","±7,566","2,582","±839","7,275","±2,211","26,045","±3,459","9,931","±3,071","10,622","±3,680","6,890","±2,258","31,688","±4,788","27,116","±3,879","12,723","±4,190","41,682","±7,887","6,953","±1,830","31,867","±4,508","6,141","±1,711","8,203","±2,372","8,364","±2,140","6,905","±2,080","3,253","±1,516","8,285","±2,266","17,805","±3,876","10,333","±2,363","130,927","±10,019","9,539","±2,125","8,662","±2,203","65,405","±7,769","6,424","±2,004","9,491","±2,692","35,451","±4,776","11,824","±2,327","27,416","±4,636","3,963","±1,770"
"            Under 5 years","189,054","±10,049","719","±442","588","±667","1,381","±1,000","12,455","±2,515","296","±322","947","±986","1,349","±687","6,831","±1,626","1,694","±1,117","462","±568","178","±198","22,169","±3,522","1,314","±867","524","±585","338","±362","6,971","±1,852","3,200","±1,811","1,458","±905","550","±378","1,578","±735","369","±445","39,910","±4,641","656","±502","456","±475","566","±336","12,464","±2,565","29","±53","936","±576","1,791","±1,106","901","±700","765","±646","460","±414","1,896","±852","1,990","±891","598","±740","3,951","±1,758","235","±241","3,169","±1,207","675","±536","1,088","±673","886","±740","939","±579","0","±236","1,723","±1,237","1,180","±819","1,029","±688","9,245","±2,064","205","±272","251","±312","6,344","±2,054","287","±343","1,530","±1,470","4,076","±1,345","1,111","±512","995","±633","95","±141"
"            5 years","31,381","±3,712","173","±239","0","±236","149","±187","1,687","±1,015","0","±236","245","±249","127","±162","819","±520","723","±546","0","±236","0","±236","3,145","±1,392","333","±283","132","±223","0","±236","994","±584","942","±720","116","±186","243","±203","146","±172","0","±236","4,766","±1,605","122","±161","0","±236","111","±109","3,292","±1,134","0","±236","0","±236","252","±274","164","±193","0","±236","95","±120","792","±621","292","±406","0","±236","1,233","±868","0","±236","860","±465","490","±501","0","±236","0","±236","0","±236","0","±236","206","±341","228","±248","369","±430","1,524","±778","97","±170","0","±236","310","±310","0","±236","0","±236","860","±499","401","±288","93","±158","65","±119"
"            6 to 11 years","238,288","±10,868","564","±428","211","±350","4,139","±1,502","16,848","±3,415","464","±349","1,820","±1,041","2,164","±1,200","7,243","±1,472","2,952","±1,288","1,047","±961","398","±405","17,646","±2,923","1,011","±668","1,031","±810","427","±598","10,558","±2,409","5,260","±2,125","1,912","±942","690","±430","684","±526","206","±293","52,510","±5,803","425","±381","156","±308","407","±313","16,200","±2,075","161","±200","762","±520","2,568","±1,127","1,097","±819","2,803","±1,545","1,160","±873","2,473","±962","3,482","±1,027","1,846","±1,247","4,214","±1,554","884","±687","3,722","±1,218","496","±401","466","±423","605","±526","327","±441","150","±263","907","±600","2,155","±1,458","1,458","±690","12,483","±2,739","450","±424","577","±387","3,883","±1,716","135","±202","90","±130","5,623","±1,516","1,218","±751","3,097","±1,423","606","±643"
"            12 to 14 years","111,475","±8,135","921","±589","337","±412","1,918","±1,074","7,401","±2,245","179","±239","834","±572","356","±320","3,569","±975","1,067","±599","252","±442","71","±124","10,887","±2,621","1,271","±716","319","±457","249","±245","4,794","±1,425","2,051","±1,063","962","±623","615","±467","629","±367","99","±173","21,097","±3,728","606","±420","412","±610","762","±411","8,644","±1,948","0","±236","83","±137","732","±624","181","±211","303","±434","433","±493","929","±572","997","±889","1,393","±1,172","2,450","±1,526","321","±524","678","±374","79","±142","686","±534","146","±239","199","±279","73","±124","291","±371","1,086","±638","661","±417","6,928","±1,611","225","±264","863","±628","2,079","±1,338","338","±402","209","±336","1,855","±890","585","±423","1,699","±1,100","12","±20"
"            15 years","42,050","±4,200","101","±169","0","±236","428","±402","3,473","±1,215","41","±100","870","±982","450","±513","1,580","±653","873","±555","484","±466","0","±236","3,285","±1,270","672","±504","0","±236","179","±205","2,512","±1,104","371","±362","296","±333","284","±295","66","±87","87","±151","9,288","±1,979","0","±236","0","±236","157","±200","3,066","±942","0","±236","0","±236","196","±216","131","±186","0","±236","0","±236","943","±782","624","±369","257","±424","491","±399","218","±335","600","±324","0","±236","219","±305","0","±236","193","±279","0","±236","39","±71","377","±307","56","±72","2,595","±1,109","32","±56","306","±435","498","±515","0","±236","0","±236","725","±488","89","±119","254","±343","0","±236"
"            16 and 17 years","68,551","±5,253","66","±111","172","±284","661","±466","5,541","±1,826","49","±97","211","±259","488","±410","2,348","±936","1,294","±832","50","±96","845","±975","5,869","±1,918","737","±583","204","±342","302","±425","2,288","±907","687","±450","248","±272","323","±329","129","±135","173","±316","12,310","±2,555","184","±269","140","±239","420","±346","6,403","±1,207","41","±79","139","±185","572","±379","222","±294","0","±236","148","±273","474","±514","643","±483","279","±459","1,216","±739","86","±134","567","±519","0","±236","336","±378","222","±273","193","±279","43","±81","95","±119","304","±273","511","±273","4,646","±1,437","13","±24","165","±264","1,589","±1,266","269","±316","33","±59","1,703","±680","638","±431","887","±658","148","±158"
"            18 to 24 years","296,425","±11,649","421","±304","369","±405","2,488","±1,071","21,549","±3,510","162","±196","2,016","±843","15,317","±1,934","5,610","±1,213","6,257","±2,017","403","±365","36","±54","24,094","±3,358","8,624","±2,132","531","±726","1,076","±561","8,909","±1,863","3,497","±1,446","3,331","±1,109","866","±608","763","±526","856","±503","45,713","±4,834","591","±580","8,775","±1,965","914","±499","16,513","±2,288","335","±265","477","±417","3,200","±1,071","662","±555","684","±621","332","±328","8,504","±1,572","6,284","±1,534","946","±762","5,788","±1,946","2,268","±991","3,412","±919","779","±497","1,237","±904","1,231","±674","1,105","±691","163","±215","157","±189","2,742","±1,039","542","±443","16,808","±2,750","2,700","±1,181","1,000","±635","13,182","±2,810","994","±716","4,076","±1,780","3,317","±1,054","1,485","±864","4,877","±2,019","204","±203"
"            25 to 34 years","317,075","±11,871","1,088","±534","934","±602","4,373","±1,483","21,923","±3,010","769","±467","2,589","±962","2,512","±1,012","6,267","±1,313","5,756","±2,193","928","±536","994","±584","26,837","±3,339","5,556","±1,440","632","±452","1,365","±789","12,840","±2,318","6,571","±2,119","2,660","±758","531","±356","1,217","±599","1,221","±759","70,830","±6,405","1,748","±604","1,601","±821","341","±233","16,043","±1,839","387","±336","989","±637","3,688","±1,298","1,424","±810","1,597","±922","573","±434","4,779","±1,556","2,661","±968","2,362","±1,051","5,100","±2,000","1,174","±609","5,317","±1,313","1,009","±466","639","±388","1,651","±763","658","±504","301","±344","1,953","±757","2,287","±1,285","1,932","±685","17,689","±2,469","581","±420","1,088","±525","10,657","±2,372","726","±520","624","±714","3,991","±1,185","2,512","±691","3,065","±1,076","535","±382"
"            35 to 44 years","280,006","±10,345","1,331","±679","550","±444","2,492","±1,005","20,210","±2,737","855","±473","1,954","±807","2,437","±1,078","5,720","±1,089","5,432","±1,403","598","±418","353","±296","22,522","±2,824","4,696","±1,439","827","±531","1,447","±909","9,933","±1,724","7,736","±2,088","3,205","±1,130","1,109","±550","2,128","±925","1,371","±668","56,022","±4,843","756","±467","994","±770","1,031","±565","15,175","±1,852","56","±82","1,079","±616","2,924","±952","1,370","±893","2,100","±1,001","793","±481","3,469","±1,136","2,787","±992","1,995","±1,162","4,826","±1,421","533","±411","2,940","±1,001","619","±524","906","±521","1,045","±602","773","±535","1,409","±1,218","775","±453","1,251","±641","893","±438","18,593","±2,803","2,114","±915","1,219","±784","8,652","±2,209","1,718","±969","965","±1,161","4,693","±988","1,284","±554","2,819","±1,068","431","±360"
"            45 to 54 years","185,206","±8,165","1,090","±575","742","±422","2,695","±693","12,268","±2,138","759","±395","2,073","±1,001","1,304","±809","4,408","±1,607","4,948","±1,291","1,119","±595","844","±691","16,196","±2,516","3,091","±1,232","724","±641","602","±394","6,642","±1,700","3,520","±1,200","1,846","±759","489","±470","996","±861","250","±225","33,307","±3,354","238","±212","602","±516","894","±451","10,852","±1,492","530","±305","394","±306","2,641","±791","1,247","±561","704","±482","1,089","±500","1,516","±533","1,782","±790","1,141","±970","3,591","±1,057","403","±345","2,847","±925","250","±197","327","±243","1,001","±438","234","±240","115","±142","175","±182","2,086","±1,279","688","±486","11,677","±1,951","704","±501","578","±403","6,005","±1,660","430","±460","468","±463","1,905","±697","499","±453","2,933","±1,126","480","±326"
"            55 to 64 years","202,650","±7,464","277","±253","1,074","±607","2,436","±688","15,789","±2,400","954","±438","2,041","±697","929","±440","3,495","±881","3,478","±1,038","1,097","±577","256","±204","15,993","±2,726","2,894","±1,287","1,311","±1,013","603","±405","9,050","±1,844","4,624","±1,635","1,950","±738","1,227","±668","1,289","±602","913","±545","34,661","±4,176","912","±376","771","±597","1,182","±477","9,584","±1,649","301","±404","1,166","±803","3,057","±970","1,067","±589","416","±315","1,417","±680","1,386","±598","1,692","±790","1,135","±716","3,762","±1,063","310","±220","2,732","±830","600","±377","1,010","±473","910","±735","765","±431","483","±412","755","±433","1,631","±688","1,034","±484","11,931","±1,617","948","±567","1,312","±591","6,853","±1,361","570","±324","380","±262","2,444","±853","562","±313","2,330","±964","760","±581"
"            65 to 74 years","162,365","±8,234","158","±138","383","±288","1,769","±437","13,073","±2,299","958","±504","1,543","±684","1,120","±553","3,135","±1,074","3,669","±1,213","1,065","±562","86","±114","12,451","±2,453","2,583","±818","703","±374","970","±550","7,144","±1,255","3,958","±1,346","2,334","±958","1,044","±489","397","±234","721","±456","26,472","±2,898","348","±248","1,524","±655","694","±415","8,083","±1,450","263","±231","528","±308","2,253","±695","970","±519","991","±455","158","±142","1,887","±630","2,356","±873","324","±428","2,680","±947","376","±334","2,299","±737","646","±416","403","±367","346","±221","1,056","±531","236","±210","589","±393","780","±521","652","±334","8,517","±1,676","860","±473","487","±384","2,955","±908","652","±360","564","±537","2,223","±696","867","±471","2,178","±778","276","±253"
"            75 years and over","142,665","±6,595","408","±303","113","±156","1,414","±593","10,148","±1,563","566","±377","1,534","±805","1,076","±457","4,006","±850","4,210","±1,145","661","±366","266","±316","11,323","±1,540","1,335","±632","749","±391","585","±313","8,027","±1,153","2,267","±917","1,353","±482","577","±470","608","±394","848","±559","20,294","±2,596","558","±285","809","±441","356","±178","7,136","±1,525","479","±349","722","±388","2,171","±687","495","±450","259","±199","232","±210","2,640","±924","1,526","±674","447","±460","2,380","±870","145","±146","2,724","±884","498","±371","886","±489","321","±202","463","±307","280","±195","620","±426","1,698","±646","508","±275","8,291","±1,591","610","±382","816","±486","2,398","±889","305","±192","552","±433","2,036","±664","573","±303","2,189","±807","351","±252"
"    Income in the past 12 months at or above poverty level:","25,802,708","±75,748","69,962","±3,195","94,873","±3,427","340,665","±7,021","1,748,708","±21,552","75,377","±2,617","351,133","±7,353","171,887","±5,632","323,250","±8,607","1,108,374","±9,337","178,544","±3,750","61,827","±3,068","2,221,391","±23,056","935,561","±6,953","147,937","±3,800","206,709","±3,414","696,707","±13,846","830,310","±12,617","316,118","±6,209","129,191","±3,504","102,725","±3,443","171,947","±3,686","4,014,069","±30,860","56,345","±2,600","242,899","±5,136","69,571","±3,127","648,090","±14,270","62,782","±1,371","95,721","±3,517","189,182","±6,327","178,966","±5,123","165,113","±6,296","90,395","±4,515","254,053","±6,800","215,942","±6,688","155,363","±6,437","632,066","±11,740","49,042","±2,605","287,132","±7,876","72,965","±3,210","156,486","±3,540","90,586","±4,499","133,643","±3,499","124,995","±2,320","57,179","±3,594","207,300","±5,762","46,543","±4,198","1,917,582","±17,047","123,456","±4,027","98,067","±3,395","1,177,474","±12,589","78,456","±3,728","48,392","±3,366","205,926","±7,978","97,848","±3,459","644,056","±7,305","69,409","±2,936"
"        Male:","12,992,738","±40,613","33,050","±1,896","46,664","±2,538","172,381","±3,966","874,081","±12,560","35,754","±1,690","173,222","±4,083","88,290","±3,500","163,611","±4,757","554,988","±4,625","89,935","±1,923","29,207","±2,187","1,112,092","±12,429","467,803","±4,124","77,529","±2,156","103,000","±1,924","354,437","±7,717","410,624","±6,537","155,892","±3,533","63,294","±2,009","50,314","±2,067","85,272","±2,973","2,026,646","±16,152","27,846","±1,606","123,569","±3,383","33,617","±1,790","330,357","±8,086","31,012","±875","47,270","±1,878","95,530","±3,626","89,227","±2,770","82,395","±3,195","45,402","±2,648","129,062","±3,076","110,599","±3,960","81,360","±2,990","317,006","±5,051","25,449","±1,553","143,860","±4,247","35,324","±1,883","78,084","±2,239","43,301","±2,745","66,831","±1,739","62,204","±1,271","31,570","±2,036","102,270","±2,977","23,146","±2,269","952,300","±9,271","61,557","±2,493","48,838","±2,053","604,845","±6,641","38,808","±1,850","27,193","±2,114","106,871","±4,338","49,001","±1,749","326,463","±3,752","34,907","±1,486"
"            Under 5 years","783,118","±9,952","2,683","±857","3,334","±1,098","13,893","±957","52,286","±3,332","2,465","±429","11,307","±1,074","5,894","±817","9,111","±1,344","30,486","±1,353","4,587","±776","2,421","±431","68,096","±3,433","27,568","±912","6,098","±649","6,349","±755","21,594","±1,777","24,704","±1,155","8,028","±1,046","4,411","±731","2,635","±686","4,465","±793","123,648","±4,317","1,219","±533","7,293","±758","1,809","±646","22,455","±1,937","1,821","±439","2,210","±647","6,145","±873","5,665","±634","6,987","±603","3,740","±606","7,488","±997","7,394","±679","6,695","±500","20,573","±1,013","1,595","±444","6,954","±1,106","1,978","±236","4,641","±642","3,106","±1,200","3,771","±338","3,574","±299","1,174","±795","6,765","±644","1,890","±769","57,989","±2,835","3,828","±319","2,521","±563","32,719","±2,006","2,928","±575","598","±574","7,236","±1,485","2,957","±464","19,634","±1,483","1,949","±455"
"            5 years","152,342","±7,996","218","±341","184","±299","1,973","±841","8,381","±2,004","440","±341","2,210","±840","1,170","±792","1,452","±663","5,924","±1,309","683","±476","383","±448","13,052","±2,281","5,815","±1,455","1,182","±1,003","880","±475","3,419","±1,056","4,543","±1,510","2,064","±867","651","±495","726","±477","1,472","±920","26,186","±3,777","83","±139","1,665","±1,146","684","±443","4,166","±1,304","451","±265","842","±473","1,136","±700","571","±320","921","±498","774","±671","2,138","±752","1,270","±798","539","±340","4,940","±1,584","156","±220","1,257","±573","584","±473","1,201","±583","400","±399","739","±521","502","±259","165","±225","470","±337","183","±291","13,141","±2,235","903","±539","378","±450","4,200","±1,310","387","±368","441","±420","1,649","±544","367","±200","5,442","±1,412","627","±438"
"            6 to 11 years","1,043,139","±14,373","2,378","±997","4,076","±1,359","16,523","±2,129","67,162","±5,087","2,901","±670","15,251","±2,192","6,081","±1,329","14,477","±2,136","46,682","±3,042","7,465","±1,172","2,685","±899","82,711","±5,000","38,955","±2,616","9,271","±1,592","10,530","±1,281","28,846","±3,093","39,239","±3,100","10,925","±1,567","4,892","±1,102","3,439","±1,150","5,977","±1,271","152,425","±7,786","3,254","±778","9,099","±1,706","2,049","±484","26,849","±2,812","2,540","±527","4,158","±797","6,049","±1,396","8,397","±1,309","8,053","±1,426","5,560","±1,526","9,272","±1,645","10,501","±1,475","7,788","±1,480","26,373","±2,822","1,215","±513","11,516","±1,398","2,301","±881","8,047","±1,109","2,832","±889","5,739","±835","6,266","±827","2,394","±874","9,139","±1,150","2,493","±906","80,021","±4,224","5,781","±1,253","4,646","±1,020","39,935","±3,312","2,757","±907","3,345","±1,439","9,716","±2,145","3,182","±872","27,555","±2,379","2,849","±625"
"            12 to 14 years","565,515","±15,026","1,220","±467","1,809","±858","6,910","±1,503","39,966","±4,206","2,119","±568","7,915","±1,684","3,597","±947","8,374","±1,716","27,212","±2,847","3,552","±1,119","1,346","±618","49,114","±4,752","18,532","±2,750","3,814","±1,231","4,620","±1,292","17,898","±2,571","20,758","±2,864","6,793","±1,531","2,972","±856","2,524","±875","4,049","±1,433","88,505","±6,240","461","±315","5,764","±1,662","1,326","±542","15,293","±2,392","1,623","±535","1,632","±669","5,810","±1,530","3,156","±992","4,046","±1,272","2,067","±816","6,009","±1,512","2,926","±906","3,040","±1,098","12,039","±2,109","1,943","±615","5,546","±1,304","2,195","±855","2,496","±785","2,272","±900","2,984","±771","2,879","±667","1,523","±592","4,195","±1,088","1,331","±673","39,408","±3,960","2,543","±931","2,030","±904","19,858","±2,815","1,773","±822","400","±454","5,083","±1,416","2,198","±822","12,081","±2,234","1,127","±430"
"            15 years","186,544","±6,789","513","±456","248","±228","3,172","±970","12,462","±2,597","107","±123","2,111","±661","944","±457","2,161","±721","8,393","±1,381","897","±636","560","±390","16,852","±2,268","6,216","±1,270","1,896","±876","1,400","±610","5,177","±1,611","5,538","±1,544","3,172","±936","1,264","±461","730","±533","984","±542","28,453","±3,136","314","±244","1,423","±644","496","±311","5,283","±1,175","43","±76","506","±274","1,577","±730","1,235","±647","1,613","±728","1,010","±867","1,460","±622","1,402","±521","2,264","±1,180","4,330","±1,247","128","±135","2,446","±847","543","±277","1,659","±626","1,435","±781","1,397","±508","1,105","±646","495","±380","896","±559","123","±197","14,661","±2,282","794","±408","781","±490","6,991","±1,922","499","±339","114","±162","1,629","±643","507","±321","5,092","±1,050","435","±326"
"            16 and 17 years","391,173","±9,438","544","±329","1,521","±611","4,145","±1,016","26,133","±2,235","1,363","±396","6,761","±708","2,317","±612","5,458","±958","17,917","±1,452","2,293","±700","752","±345","32,764","±2,362","14,634","±1,303","1,952","±667","4,447","±740","11,403","±1,794","15,389","±1,616","3,714","±961","1,079","±547","1,319","±714","2,928","±873","59,903","±3,761","888","±402","3,434","±926","491","±261","10,125","±1,648","1,116","±178","1,365","±428","3,237","±747","2,946","±757","2,316","±961","994","±694","3,936","±714","3,810","±613","1,922","±820","10,673","±1,371","734","±283","3,857","±948","903","±277","2,183","±576","980","±610","1,524","±667","2,498","±753","1,143","±557","4,022","±639","1,245","±269","29,782","±2,782","1,618","±743","1,317","±493","13,999","±2,400","943","±545","912","±382","4,275","±749","2,079","±365","9,161","±1,068","1,332","±391"
"            18 to 24 years","1,177,061","±11,495","3,549","±1,074","4,153","±830","17,107","±1,092","81,271","±3,555","3,233","±637","14,272","±1,534","11,422","±2,112","18,677","±1,339","46,376","±1,531","6,369","±567","1,172","±741","101,597","±3,433","34,989","±2,301","7,996","±385","8,330","±635","36,434","±2,168","36,487","±1,352","13,082","±1,024","4,873","±487","4,865","±648","7,662","±658","190,431","±4,400","1,901","±929","12,650","±1,942","2,482","±739","39,594","±2,107","2,128","±335","4,523","±896","8,598","±1,291","8,672","±800","7,867","±755","4,398","±403","15,751","±1,590","12,280","±2,693","6,074","±1,344","28,175","±1,093","2,983","±854","13,495","±1,293","2,857","±886","6,503","±659","4,711","±1,121","6,203","±880","6,007","±888","1,959","±1,082","10,174","±866","3,243","±447","86,706","±2,929","7,230","±919","3,989","±860","40,895","±2,722","3,444","±341","4,344","±1,207","12,475","±1,157","4,183","±1,125","24,457","±1,257","2,740","±636"
"            25 to 34 years","1,948,602","±12,769","3,653","±937","5,848","±663","30,110","±1,209","146,985","±2,808","4,247","±754","22,518","±1,203","14,939","±933","23,169","±1,464","74,806","±873","10,643","±657","5,446","±864","194,532","±3,765","70,901","±765","12,151","±608","13,975","±890","57,390","±2,034","44,537","±1,954","19,719","±941","8,688","±803","6,811","±921","10,989","±460","320,467","±4,830","3,213","±1,197","17,190","±1,314","3,665","±507","52,550","±1,752","3,102","±392","5,659","±789","13,270","±1,602","11,466","±1,121","12,058","±865","5,232","±1,126","20,915","±1,190","16,350","±1,529","14,265","±999","41,120","±1,418","3,029","±594","21,330","±1,119","4,392","±536","8,837","±944","6,176","±941","9,424","±961","6,749","±1,070","5,477","±1,347","13,331","±1,293","2,782","±1,035","145,754","±2,470","9,499","±537","7,195","±874","123,822","±2,837","5,363","±574","3,251","±1,041","16,331","±1,204","7,783","±760","49,127","±837","4,374","±436"
"            35 to 44 years","1,951,626","±12,020","5,363","±811","6,322","±751","24,397","±1,327","134,970","±3,221","4,657","±743","27,437","±1,434","12,959","±1,090","21,132","±1,188","89,840","±1,673","12,772","±548","4,035","±1,001","166,540","±2,403","74,732","±1,412","10,453","±1,340","16,185","±1,222","53,992","±1,868","63,674","±1,596","22,686","±1,117","7,411","±947","6,782","±756","13,811","±875","314,741","±4,051","4,480","±980","20,607","±975","3,474","±512","44,020","±1,844","3,538","±533","6,614","±765","13,679","±918","13,489","±1,601","13,936","±1,280","6,168","±1,026","18,370","±852","14,651","±1,007","14,697","±882","46,877","±1,617","3,204","±660","20,331","±1,220","4,508","±501","11,236","±987","5,221","±872","9,532","±1,062","9,778","±1,050","5,036","±1,154","12,366","±1,272","2,382","±584","140,265","±2,331","8,473","±830","7,982","±1,111","113,224","±2,716","5,033","±607","2,717","±1,241","14,658","±999","6,757","±646","58,012","±1,519","5,191","±392"
"            45 to 54 years","1,681,044","±11,537","3,488","±830","5,727","±543","18,939","±730","111,036","±2,165","4,092","±769","24,015","±814","9,720","±732","20,616","±1,029","85,928","±1,125","12,401","±820","4,391","±1,092","139,118","±2,413","69,735","±733","9,529","±1,188","12,546","±993","41,211","±1,688","61,217","±1,466","20,593","±826","8,517","±807","5,634","±951","11,100","±588","267,534","±3,886","3,071","±376","16,465","±733","4,683","±584","42,903","±1,417","3,642","±386","5,694","±776","9,885","±1,216","11,692","±852","9,026","±1,217","5,258","±1,419","13,987","±825","12,810","±903","8,914","±622","41,932","±1,473","3,218","±550","18,393","±944","5,059","±599","9,210","±980","5,168","±702","9,079","±1,136","8,618","±883","4,306","±1,026","11,690","±859","3,117","±264","121,695","±1,884","6,458","±923","5,431","±885","82,741","±1,801","4,473","±312","4,434","±1,367","13,694","±770","5,719","±607","45,563","±1,064","4,253","±343"
"            55 to 64 years","1,452,317","±7,517","4,425","±594","6,098","±509","15,066","±999","89,073","±2,369","4,200","±495","18,398","±1,089","8,353","±552","16,808","±997","63,216","±1,566","12,246","±546","2,357","±494","126,776","±2,214","55,707","±1,027","6,812","±563","11,664","±547","35,401","±1,224","45,451","±1,491","20,890","±609","7,996","±869","6,560","±313","9,964","±494","224,239","±3,448","3,729","±335","12,496","±500","4,498","±582","30,108","±1,340","3,783","±474","6,529","±573","11,426","±791","10,264","±857","7,863","±700","4,846","±660","13,113","±711","11,294","±831","7,495","±517","36,800","±1,526","3,076","±693","16,657","±904","4,193","±367","10,957","±572","4,664","±612","6,968","±516","6,934","±531","3,464","±318","11,818","±645","2,324","±395","112,303","±1,485","5,629","±568","4,478","±603","62,053","±1,672","4,719","±403","2,712","±610","10,133","±528","5,481","±690","32,328","±950","4,344","±555"
"            65 to 74 years","1,054,400","±6,890","2,692","±494","4,099","±624","12,599","±819","65,615","±1,774","3,428","±371","13,612","±1,067","6,816","±574","12,865","±820","36,734","±931","10,399","±572","2,238","±277","79,686","±2,050","31,577","±866","4,411","±354","8,204","±641","26,859","±1,043","32,677","±1,555","15,926","±803","6,210","±353","5,426","±283","6,789","±450","150,835","±2,439","3,285","±347","10,288","±807","4,516","±475","21,671","±1,096","4,320","±332","4,805","±500","9,848","±584","7,653","±590","4,689","±501","3,304","±548","10,639","±680","10,040","±784","4,854","±175","27,303","±786","2,580","±392","13,700","±771","3,889","±460","7,029","±454","4,040","±702","5,394","±635","4,388","±439","2,679","±224","10,632","±555","1,345","±527","71,944","±1,249","5,250","±687","5,168","±567","42,412","±1,473","4,108","±164","2,454","±525","6,279","±712","4,878","±492","22,921","±653","3,554","±311"
"            75 years and over","605,857","±5,368","2,324","±648","3,245","±508","7,547","±234","38,741","±1,177","2,502","±460","7,415","±593","4,078","±664","9,311","±643","21,474","±914","5,628","±336","1,421","±284","41,254","±1,407","18,442","±465","1,964","±399","3,870","±418","14,813","±966","16,410","±1,008","8,300","±675","4,330","±528","2,863","±257","5,082","±410","79,279","±1,919","1,948","±376","5,195","±508","3,444","±300","15,340","±1,011","2,905","±285","2,733","±418","4,870","±697","4,021","±505","3,020","±429","2,051","±714","5,984","±485","5,871","±585","2,813","±304","15,871","±593","1,588","±211","8,378","±612","1,922","±171","4,085","±446","2,296","±492","4,077","±342","2,906","±456","1,755","±228","6,772","±274","688","±268","38,631","±1,258","3,551","±214","2,922","±533","21,996","±974","2,381","±314","1,471","±154","3,713","±579","2,910","±269","15,090","±690","2,132","±280"
"        Female:","12,809,970","±45,213","36,912","±2,029","48,209","±2,334","168,284","±4,429","874,627","±11,621","39,623","±1,612","177,911","±4,209","83,597","±3,294","159,639","±5,104","553,386","±6,012","88,609","±2,819","32,620","±2,018","1,109,299","±13,266","467,758","±4,263","70,408","±2,397","103,709","±2,431","342,270","±7,876","419,686","±7,498","160,226","±3,438","65,897","±2,240","52,411","±2,510","86,675","±1,798","1,987,423","±18,953","28,499","±1,619","119,330","±2,855","35,954","±1,845","317,733","±7,481","31,770","±860","48,451","±2,547","93,652","±3,550","89,739","±3,138","82,718","±3,770","44,993","±2,762","124,991","±4,951","105,343","±4,168","74,003","±4,339","315,060","±8,198","23,593","±2,064","143,272","±4,638","37,641","±2,036","78,402","±2,322","47,285","±3,035","66,812","±2,396","62,791","±1,963","25,609","±2,239","105,030","±4,103","23,397","±2,439","965,282","±9,714","61,899","±2,748","49,229","±2,290","572,629","±8,066","39,648","±2,521","21,199","±2,241","99,055","±4,920","48,847","±2,277","317,593","±4,794","34,502","±1,747"
"            Under 5 years","733,016","±10,890","1,970","±732","2,590","±1,158","13,199","±1,017","51,893","±2,518","1,799","±456","10,508","±1,103","5,128","±776","7,391","±1,430","31,484","±1,133","4,261","±967","2,439","±402","62,691","±3,549","26,555","±893","5,715","±840","7,048","±835","19,451","±1,799","23,251","±1,741","8,997","±758","3,742","±400","3,375","±752","4,569","±717","116,387","±4,723","1,535","±502","6,875","±508","1,703","±577","20,168","±2,662","1,175","±168","2,791","±749","5,868","±1,137","5,489","±843","5,198","±538","3,416","±667","7,715","±1,037","6,112","±914","6,213","±1,001","18,035","±1,750","910","±373","6,899","±1,186","1,706","±823","4,346","±836","2,207","±1,068","3,535","±670","4,442","±401","1,472","±868","5,478","±1,104","1,676","±687","56,546","±2,411","4,372","±534","3,250","±394","28,039","±2,432","2,643","±626","501","±431","6,516","±1,378","2,553","±527","17,857","±1,145","1,960","±163"
"            5 years","154,695","±8,943","0","±236","1,207","±677","1,176","±565","8,711","±2,112","890","±462","2,560","±1,020","1,074","±516","1,521","±567","7,316","±1,614","910","±596","1,122","±694","12,465","±1,990","7,038","±2,126","1,523","±961","1,309","±808","4,389","±1,256","4,855","±1,864","1,671","±755","699","±312","709","±535","1,602","±763","25,800","±3,340","321","±343","1,026","±547","433","±418","4,550","±1,162","691","±495","523","±413","1,229","±747","1,412","±887","817","±407","118","±201","1,192","±506","1,115","±559","1,757","±918","4,417","±1,387","94","±160","1,376","±646","234","±257","1,875","±1,006","283","±222","627","±652","1,296","±636","175","±265","587","±404","656","±516","10,942","±1,934","1,443","±844","884","±530","4,595","±1,303","555","±490","211","±328","1,257","±817","252","±200","3,959","±1,015","460","±377"
"            6 to 11 years","992,089","±20,327","3,643","±881","4,958","±1,273","13,862","±2,215","65,018","±5,244","2,307","±526","16,085","±1,781","6,160","±1,145","12,076","±1,739","46,506","±2,872","6,376","±1,222","2,315","±812","82,717","±5,042","35,125","±2,759","6,128","±1,384","9,895","±1,294","27,182","±2,875","35,680","±3,161","11,843","±1,555","4,620","±968","3,985","±957","6,497","±1,332","148,143","±7,657","1,927","±686","9,876","±1,693","2,482","±684","29,440","±2,850","2,049","±596","5,268","±949","8,458","±1,541","7,787","±1,451","5,879","±1,414","6,477","±2,018","8,962","±1,434","7,633","±1,491","6,634","±1,651","22,839","±2,383","1,577","±772","10,765","±1,475","3,079","±1,212","5,716","±1,177","4,649","±953","5,634","±1,080","4,276","±943","2,395","±672","8,479","±1,708","1,479","±771","73,085","±4,422","5,253","±1,095","3,475","±717","39,026","±2,900","3,909","±721","846","±473","7,783","±1,480","4,157","±771","25,729","±2,429","2,790","±700"
"            12 to 14 years","540,494","±16,859","1,679","±800","1,868","±944","8,142","±2,122","39,397","±3,996","2,121","±526","6,708","±1,480","3,371","±1,002","7,385","±1,642","23,328","±2,337","3,568","±1,017","1,284","±595","45,358","±4,396","18,547","±2,445","4,350","±1,158","4,375","±1,280","14,150","±1,998","20,678","±3,364","7,226","±1,835","2,045","±775","2,237","±968","4,539","±1,279","85,870","±5,881","1,565","±667","5,923","±1,621","572","±364","13,733","±1,984","718","±262","1,589","±703","3,645","±1,224","3,321","±903","5,222","±1,495","1,530","±988","5,708","±1,361","3,911","±1,086","3,009","±1,161","16,130","±2,364","1,241","±569","5,149","±1,202","2,036","±919","2,717","±1,111","1,102","±786","2,715","±1,035","3,696","±1,020","918","±586","3,824","±1,066","1,584","±609","45,101","±3,766","2,077","±743","1,774","±716","19,011","±2,646","1,200","±589","431","±503","5,821","±1,479","1,619","±612","11,132","±1,957","1,240","±521"
"            15 years","188,959","±8,435","249","±241","1,027","±515","1,556","±927","13,333","±1,978","1,097","±465","2,309","±863","1,060","±437","2,085","±756","9,785","±1,559","1,454","±636","144","±164","16,882","±1,976","7,273","±1,241","1,805","±705","1,246","±477","5,391","±1,127","5,668","±1,417","2,552","±906","1,321","±797","692","±360","1,488","±629","26,227","±3,329","306","±271","1,242","±711","417","±410","4,672","±1,242","660","±251","656","±453","1,638","±634","1,235","±587","1,874","±648","1,002","±1,139","1,617","±723","990","±395","1,471","±864","5,673","±1,579","784","±576","2,550","±704","1,239","±729","1,768","±579","633","±515","1,271","±678","1,163","±434","46","±85","844","±483","267","±257","15,089","±2,259","898","±521","722","±340","6,810","±1,359","195","±189","445","±519","1,242","±657","854","±343","3,956","±905","865","±377"
"            16 and 17 years","358,166","±9,046","993","±311","1,289","±518","5,788","±975","21,431","±2,101","1,122","±406","5,855","±1,326","2,399","±593","4,644","±1,200","15,097","±1,728","2,740","±846","778","±340","29,981","±2,666","12,590","±1,363","1,232","±665","3,048","±702","8,935","±1,464","15,502","±1,408","4,460","±851","2,297","±690","1,625","±477","1,942","±761","58,845","±4,293","638","±419","3,557","±641","1,037","±614","10,567","±1,663","546","±385","915","±473","2,119","±778","2,802","±630","2,588","±896","1,660","±1,330","3,307","±970","2,866","±776","1,885","±858","9,064","±1,392","851","±520","3,525","±855","967","±575","1,653","±664","1,318","±668","1,619","±599","2,154","±407","275","±297","3,536","±558","824","±378","27,360","±2,526","1,761","±632","1,155","±365","12,500","±1,678","1,380","±779","816","±529","3,171","±826","788","±354","8,967","±1,159","857","±372"
"            18 to 24 years","1,034,852","±12,294","2,429","±755","4,143","±478","14,892","±1,078","74,120","±3,757","3,119","±586","13,783","±945","8,376","±1,460","16,966","±1,212","40,098","±2,808","5,838","±372","2,279","±416","98,107","±3,655","31,857","±2,148","6,762","±742","7,929","±998","33,360","±1,948","34,121","±1,475","10,617","±1,122","4,941","±1,355","4,311","±749","6,004","±595","172,849","±4,801","1,732","±601","8,777","±1,630","2,192","±681","33,076","±2,262","1,695","±465","3,386","±613","6,425","±1,130","7,250","±697","6,857","±1,309","4,109","±399","13,109","±1,892","10,038","±1,765","6,239","±1,256","22,383","±2,286","1,847","±1,049","12,574","±962","2,261","±689","4,878","±951","4,407","±901","6,539","±844","5,222","±610","1,638","±603","7,676","±1,340","3,109","±443","81,604","±2,800","5,514","±1,353","3,844","±601","38,028","±3,200","3,631","±952","1,551","±1,188","11,360","±1,103","3,902","±977","20,986","±2,155","2,710","±387"
"            25 to 34 years","1,836,277","±12,170","5,366","±772","5,501","±755","26,403","±1,520","135,076","±3,012","4,861","±1,031","23,731","±1,031","13,450","±1,186","20,501","±1,620","74,650","±2,506","10,003","±656","5,781","±853","187,623","±3,262","68,304","±1,471","10,561","±474","13,243","±1,409","50,813","±2,487","47,706","±2,155","20,934","±795","9,023","±995","7,219","±1,210","11,330","±943","298,548","±6,414","3,264","±794","17,929","±1,019","3,984","±408","44,915","±1,963","3,295","±447","6,475","±758","11,953","±1,305","11,596","±895","12,644","±1,426","6,361","±686","17,279","±1,754","14,343","±1,186","11,289","±1,333","41,488","±2,399","2,324","±620","17,673","±1,420","4,647","±911","9,567","±530","7,888","±1,710","8,309","±692","7,176","±751","2,999","±853","13,675","±1,377","2,469","±703","145,942","±2,595","8,930","±692","7,394","±698","112,676","±2,322","4,774","±732","3,057","±1,088","14,470","±1,362","5,940","±664","47,974","±1,078","4,056","±443"
"            35 to 44 years","1,849,329","±11,049","4,019","±644","6,727","±481","25,077","±1,046","129,253","±2,771","5,504","±1,089","28,231","±813","11,589","±1,112","18,359","±1,163","90,926","±1,388","12,413","±781","3,935","±759","154,111","±2,884","75,096","±1,508","10,137","±794","15,065","±1,261","45,652","±1,917","66,409","±2,095","22,041","±1,180","7,218","±524","5,431","±984","12,706","±1,003","293,421","±4,928","4,091","±800","19,307","±1,030","3,534","±620","39,110","±1,903","4,088","±603","6,679","±841","12,724","±970","13,202","±957","13,172","±1,087","5,329","±995","17,484","±1,215","13,595","±1,037","12,493","±1,423","46,847","±1,861","3,233","±556","20,555","±1,207","5,214","±609","11,488","±927","5,645","±708","9,212","±978","9,206","±1,127","4,437","±822","14,940","±1,124","2,722","±438","137,967","±2,877","8,337","±963","6,758","±1,064","97,979","±2,173","4,673","±850","2,244","±1,104","11,089","±1,067","6,804","±658","55,525","±1,068","4,578","±337"
"            45 to 54 years","1,691,335","±10,076","4,172","±750","5,260","±628","19,015","±891","114,399","±2,215","4,505","±698","23,856","±987","10,020","±669","22,728","±1,290","82,204","±1,291","11,443","±798","3,664","±890","142,941","±2,508","68,958","±1,235","8,011","±848","14,082","±550","44,074","±1,833","62,377","±1,200","21,236","±802","7,887","±839","7,052","±1,061","12,007","±640","267,595","±3,426","3,612","±626","15,447","±813","4,968","±703","42,356","±1,696","3,222","±406","6,191","±753","10,955","±866","11,049","±835","10,207","±524","5,119","±1,193","14,891","±682","12,974","±915","6,532","±1,026","42,709","±1,108","2,584","±523","18,079","±1,132","5,066","±530","10,630","±787","5,572","±1,200","8,242","±917","8,767","±717","3,619","±742","11,752","±1,261","2,978","±486","126,381","±1,967","5,727","±650","5,002","±980","78,318","±1,767","4,320","±809","3,507","±1,059","14,266","±708","5,964","±538","43,385","±1,303","4,403","±419"
"            55 to 64 years","1,489,939","±7,767","5,068","±724","5,348","±543","17,236","±698","95,653","±2,396","4,646","±430","20,089","±699","8,984","±525","19,130","±1,208","62,771","±1,038","12,359","±696","3,981","±743","126,900","±2,731","54,686","±1,303","6,538","±775","12,387","±383","38,441","±1,965","46,540","±1,643","21,629","±727","9,815","±861","6,371","±655","10,139","±616","223,952","±4,218","3,366","±380","12,869","±639","4,837","±641","32,555","±1,601","4,800","±605","6,230","±856","11,414","±907","10,683","±677","9,037","±411","3,701","±764","14,702","±612","13,047","±781","6,657","±881","37,200","±1,122","2,894","±494","17,642","±885","4,559","±483","10,537","±519","6,063","±908","8,003","±493","7,058","±587","3,243","±440","13,046","±710","2,723","±469","111,780","±1,633","6,337","±771","5,414","±638","60,140","±1,503","4,671","±356","2,807","±365","10,486","±852","6,720","±344","33,172","±976","4,746","±440"
"            65 to 74 years","1,179,703","±8,871","4,255","±587","5,058","±555","13,716","±515","75,238","±2,252","3,916","±533","15,378","±850","7,609","±685","15,727","±1,113","41,613","±1,230","10,762","±762","3,021","±544","92,086","±2,457","37,321","±808","4,479","±421","8,342","±812","30,491","±1,326","36,835","±1,344","16,721","±978","7,052","±828","5,663","±316","8,740","±617","167,005","±2,954","4,039","±607","10,557","±768","5,953","±707","24,139","±1,426","5,256","±509","4,406","±386","10,608","±764","8,122","±769","5,748","±713","4,368","±608","11,710","±739","10,743","±1,083","5,592","±585","29,719","±988","2,864","±555","15,510","±761","3,885","±553","8,585","±510","4,447","±314","6,431","±264","4,940","±459","2,556","±407","12,826","±697","1,626","±334","81,852","±1,662","6,405","±758","5,813","±663","47,273","±923","4,158","±402","3,290","±818","6,968","±796","5,562","±442","26,930","±834","3,815","±611"
"            75 years and over","761,116","±7,867","3,069","±396","3,233","±513","8,222","±669","51,105","±1,654","3,736","±692","8,818","±1,033","4,377","±592","11,126","±865","27,608","±1,166","6,482","±379","1,877","±516","57,437","±1,622","24,408","±722","3,167","±573","5,740","±806","19,941","±1,192","20,064","±921","10,299","±528","5,237","±511","3,741","±506","5,112","±687","102,781","±2,533","2,103","±466","5,945","±544","3,842","±361","18,452","±1,623","3,575","±615","3,342","±448","6,616","±711","5,791","±656","3,475","±456","1,803","±319","7,315","±959","7,976","±1,215","4,232","±532","18,556","±1,004","2,390","±538","10,975","±1,057","2,748","±446","4,642","±567","3,071","±299","4,675","±252","3,395","±465","1,836","±422","8,367","±644","1,284","±275","51,633","±1,616","4,845","±785","3,744","±514","28,234","±907","3,539","±316","1,493","±589","4,626","±751","3,732","±402","18,021","±848","2,022","±406"